{
  "id": "marks-headshot-remake",
  "title": "Mark's Headshot Remake",
  "description": "A complete remake of the headshot the rot maps, Including a bonus encounter with the diabolical theatre director. Artwork by forgotten-adventures.net and Tom Cartos.",
  "version": "1.0.7",
  "author": "Mark Pearce",

  "compatibility": {
    "minimum": 10,
    "verified": "10"
  },
  "packs": [
    {
      "name": "marks-headshot-actors",
      "label": "Mark's Headshot Actors",
      "path": "packs/marks-headshot-actors.db",
      "entity": "Actor",
      "type": "Actor",
      "private": false,
      "system": "pf2e",
      "flags": {}
    },
    {
      "name": "marks-headshot-scenes",
      "label": "Mark's Headshot Scenes",
      "path": "./packs/marks-headshot-scenes.db",
      "entity": "Scene",
      "type": "Scene",
      "private": false,
      "system": "pf2e",
      "flags": {}
    },
    {
      "name": "marks-headshot-journal",
      "label": "Mark's Headshot Journal",
      "path": "packs/marks-headshot-journal.db",
      "entity": "JournalEntry",
      "type": "JournalEntry",
      "private": false,
      "system": "pf2e",
      "flags": {}
    }
  ],
  "relationships": {
    "systems": [
      {
        "id": "pf2e",
        "compatibility": {
          "minimum": "4.0.0"
        },
        "type": "system"
      }
    ]
  },
  "manifest": "https://github.com/MarkPearce/marks-headshot-remake-v10/releases/latest/download/module.json",
  "download": "https://github.com/MarkPearce/marks-headshot-remake-v10/releases/latest/download/marks-headshot-remake.zip"
}
